model filename;program filename
007bbfb7.json;007bbfb7-1.asm
0d3d703e.json;0d3d703e-2.asm
1190e5a7.json;1190e5a7-1.asm
1cf80156.json;1cf80156-1.asm
1cf80156.json;a740d043-1.asm
2013d3e2.json;2013d3e2-1.asm
25ff71a9.json;a79310a0-1.asm
25ff71a9.json;a79310a0-2.asm
31aa019c.json;31aa019c-1.asm
3af2c5a8.json;3af2c5a8-1.asm
3c9b0459.json;3c9b0459-1.asm
3c9b0459.json;6150a2bd-1.asm
3de23699.json;3de23699-1.asm
4258a5f9.json;4258a5f9-1.asm
44f52bb0.json;44f52bb0-1.asm
46442a0e.json;7fe24cdd-1.asm
496994bd.json;496994bd-1.asm
4c4377d9.json;4c4377d9-1.asm
5582e5ca.json;5582e5ca-1.asm
5614dbcf.json;5614dbcf-1.asm
5ad4f10b.json;5ad4f10b-1.asm
6150a2bd.json;3c9b0459-1.asm
6150a2bd.json;6150a2bd-1.asm
62c24649.json;3af2c5a8-1.asm
67a3c6ac.json;67a3c6ac-1.asm
67e8384a.json;3af2c5a8-1.asm
68b16354.json;68b16354-1.asm
6d0aefbc.json;6d0aefbc-1.asm
6fa7a44f.json;6fa7a44f-1.asm
7468f01a.json;7468f01a-1.asm
746b3537.json;1190e5a7-1.asm
746b3537.json;5614dbcf-1.asm
746b3537.json;eb5a1d5d-1.asm
7fe24cdd.json;7fe24cdd-1.asm
8be77c9e.json;6fa7a44f-1.asm
90c28cc7.json;1190e5a7-1.asm
90c28cc7.json;90c28cc7-1.asm
9172f3a0.json;9172f3a0-1.asm
9565186b.json;9565186b-1.asm
9f236235.json;9f236235-1.asm
a416b8f3.json;a416b8f3-1.asm
a740d043.json;a740d043-1.asm
a79310a0.json;a79310a0-1.asm
a79310a0.json;a79310a0-2.asm
ac0a08a4.json;b91ae062-1.asm
b1948b0a.json;c8f0f002-1.asm
b91ae062.json;b91ae062-1.asm
b9b7f026.json;b9b7f026-1.asm
bda2d7a6.json;bda2d7a6-2.asm
c3e719e8.json;c3e719e8-1.asm
c59eb873.json;c59eb873-1.asm
c8f0f002.json;c8f0f002-1.asm
c9e6f938.json;6d0aefbc-1.asm
d511f180.json;c8f0f002-1.asm
eb5a1d5d.json;5614dbcf-1.asm
eb5a1d5d.json;eb5a1d5d-1.asm
ed36ccf7.json;ed36ccf7-1.asm
f25ffba3.json;496994bd-1.asm
f8b3ba0a.json;f8b3ba0a-1.asm
f8ff0b80.json;f8ff0b80-1.asm
